Latitude,Longitude,Name,Link
43.63,-79.399,Toronto: City Centre Airport,https://on.windy.com/6d01g
43.636,-79.404,Fort York: Lake Shore Blvd W near Remembrance Dr,https://on.windy.com/6d01h
43.637,-79.4,Bathurst Quay: Lake Shore W near Bathurst St,https://on.windy.com/6d01i
43.638,-79.395,CityPlace: Lake Shore Blvd W near Spadina Ave,https://on.windy.com/6d01k
43.639,-79.392,CityPlace: Lake Shore W near Spadina Ave,https://on.windy.com/6d01m
43.64,-79.387,Toronto: Rees Street - Gardiner Expressway,https://on.windy.com/6d01a
43.64,-79.383,Harbourfront: Lake Shore W near Lower Simcoe St,https://on.windy.com/6d018
43.642,-79.379,South Core: Gardiner Expwy near York St,https://on.windy.com/6d01p
43.643,-79.378,South Core: Lake Shore Blvd W near Bay St,https://on.windy.com/6d01q
43.644,-79.376,South Core: Lake Shore Blvd near Yonge St,https://on.windy.com/6d01r
43.646,-79.37,St. Lawrence: Lake Shore Blvd E near Lower Jarvis St,https://on.windy.com/6d01t
43.646,-79.366,Old Toronto: Lake Shore E near Lower Shelbourne,https://on.windy.com/6d01v
43.648,-79.362,Distillery District: Lake Shore Blvd E near Parliment St,https://on.windy.com/6d023
43.648,-79.36,Distillery District: Gardiner Expwy near Cherry St,https://on.windy.com/6d024
43.649,-79.357,Distillery District: Lake Shore E near Cherry St,https://on.windy.com/6d025
43.648,-79.355,Distillery District: Lake Shore E near Cherry St,https://on.windy.com/6d028
43.651,-79.347,Old Toronto: Lake Shore Blvd E near Don Roadway,https://on.windy.com/6d029
43.659,-79.329,Leslieville: Lake Shore E near Leslie St,https://on.windy.com/6d04i
43.662,-79.315,Old Toronto: Lake Shore E near Coxwell Ave,https://on.windy.com/6d04j
43.657,-79.352,Corktown: Don Valley Parkway near Eastern Ave,https://on.windy.com/6d04k
43.638,-79.401,Fort York: Gardiner Expwy near Bathurst St,https://on.windy.com/6d04l
43.636,-79.407,Fort York: Lake Shore W near - Blvd,https://on.windy.com/6d04m
43.634,-79.409,Old Toronto: Lake Shore W near Strachan Ave,https://on.windy.com/6d04n
43.633,-79.41,Old Toronto: Lake Shore W near - Place Blvd,https://on.windy.com/6d04p
43.637,-79.411,Old Toronto: Gardiner Expwy near Strachan Ave,https://on.windy.com/6d04s
43.631,-79.419,Exhibition Place: Lake Shore W near - Dr,https://on.windy.com/6d04u
43.634,-79.422,Exhibition Place: Gardiner Expwy near Dufferin St,https://on.windy.com/6d04v
43.63,-79.428,Old Toronto: Lake Shore W east of British Columbia Rd,https://on.windy.com/6d051
43.632,-79.43,Old Toronto: Lake Shore W west of British Columbia Rd,https://on.windy.com/6d053
43.632,-79.431,Old Toronto: Lake Shore W near British Columbia Rd,https://on.windy.com/6d055
43.633,-79.435,Old Toronto: Lake Shore W near Jameson Ave,https://on.windy.com/6d057
43.633,-79.436,Old Toronto: Lake Shore W near Oarsman Dr,https://on.windy.com/6d059
43.634,-79.438,Old Toronto: Gardiner Expwy near Dowling Ave,https://on.windy.com/6d05a
43.637,-79.45,Old Toronto: Lake Shore W near Sunnyside Beach,https://on.windy.com/6d05b
43.638,-79.454,Old Toronto: Lake Shore W near Parkside Dr,https://on.windy.com/6d05d
43.638,-79.456,Old Toronto: Lake Shore W east of Colborne Lodge Dr,https://on.windy.com/6d05g
43.638,-79.459,Old Toronto: Lake Shore W near Colborne Lodge Dr,https://on.windy.com/6d05h
43.638,-79.462,Old Toronto: Gardiner Expwy near Ellis Ave,https://on.windy.com/6d05i
43.636,-79.465,Old Toronto: Lake Shore W near Ellis Ave,https://on.windy.com/6d05k
43.631,-79.475,Etobicoke: Lake Shore W near Palace Pier,https://on.windy.com/6d063
43.631,-79.476,Etobicoke: Gardiner Expwy near Palace Pier Crt,https://on.windy.com/6d064
43.629,-79.479,Etobicoke: Lake Shore W west of Palace Pier,https://on.windy.com/6d065
43.627,-79.482,Etobicoke: Gardiner Expwy near Park Lawn Rd,https://on.windy.com/6d067
43.623,-79.481,Etobicoke: Lake Shore W near Park Lawn Rd,https://on.windy.com/6d06f
43.624,-79.494,Etobicoke: Gardiner Expwy near Grand Ave,https://on.windy.com/6d06h
43.622,-79.501,Etobicoke: Gardiner Expwy near Royal York Rd,https://on.windy.com/6d06i
43.626,-79.503,Toronto › South-East: Royal York Road & The Queensway,https://on.windy.com/3a0oo
43.62,-79.513,The Queensway: Gardiner Expwy near Islington Ave,https://on.windy.com/6d06q
43.617,-79.526,Etobicoke: Gardiner Expwy near Kipling Ave,https://on.windy.com/6d06r
43.616,-79.531,Etobicoke: Gardiner Expwy near Wickman Rd,https://on.windy.com/6d06v
43.614,-79.544,Etobicoke: QEW south of Highway,https://on.windy.com/6d070
43.615,-79.547,Etobicoke: Gardiner Expwy near Hwy,https://on.windy.com/6d071
43.611,-79.549,Etobicoke: Highway south of QEW,https://on.windy.com/6d072
43.603,-79.561,Orchard Heights: QEW near Etobicoke Creek,https://on.windy.com/6d074
43.629,-79.555,Toronto › East,"https://www.windy.com/-Webcams/Canada/Ontario/Toronto/Toronto/webcams/1573498209?radar,43.632,-79.572,15"
43.629,-79.556,Etobicoke,https://on.windy.com/6d07a
43.634,-79.558,Bloordale Gardens: Highway south of Bloor Street West,https://on.windy.com/6d07c
43.645,-79.565,Etobicoke: Highway north of Bloor Street,https://on.windy.com/6d07e
43.654,-79.568,Etobicoke: Highway north of Rathburn Road,https://on.windy.com/6d07f
43.663,-79.571,West Deane Park: Highway south of Highway,https://on.windy.com/6d07h
43.668,-79.591,Mississauga: Highway near Renforth Drive,https://on.windy.com/6d07i
43.664,-79.601,Mississauga: Highway near Pearson Airport,https://on.windy.com/6d07j
43.659,-79.613,Mississauga: Highway near Transfer (east of Dixie),https://on.windy.com/6d07k
43.651,-79.628,Mississauga: Highway near Etobicoke Creek,https://on.windy.com/6d07m
43.673,-79.589,Etobicoke: Highway near Highway North,https://on.windy.com/6d07p
43.673,-79.58,Etobicoke: Highway near Carlingview Drive,https://on.windy.com/6d07s
43.674,-79.563,Toronto: Martin Grove Rd At Eglinton Ave West,https://on.windy.com/6d07u
43.677,-79.577,Etobicoke: Highway near Highway,https://on.windy.com/6d07v
43.679,-79.578,Etobicoke: Highway near Highway,https://on.windy.com/6d081
43.684,-79.598,Etobicoke: Highway near Airport Road,https://on.windy.com/6d083
43.688,-79.602,West Humber-Clairville: Highway North of Airport Road,https://on.windy.com/6d084
43.699,-79.608,West Humber-Clairville: Highway North of Highway,https://on.windy.com/6d08a
43.699,-79.587,Toronto: Belfield Road,https://on.windy.com/6d08b
43.689,-79.57,Etobicoke: Highway near Martin Grove Road,https://on.windy.com/6d08e
43.7,-79.561,Kingsview Village: Highway near Kipling Avenue,https://on.windy.com/6d08h
43.705,-79.562,Etobicoke: Highway near Highway North,https://on.windy.com/6d08i
43.71,-79.615,West Humber-Clairville: Highway South of Derry Road,https://on.windy.com/6d08m
43.718,-79.62,Etobicoke: Highway near Derry Road,https://on.windy.com/6d08r
43.708,-79.552,Etobicoke: Highway near Islington Avenue,https://on.windy.com/6d08t
43.726,-79.624,West Humber-Clairville: Highway North of Derry Road,https://on.windy.com/6d090
43.734,-79.627,West Humber-Clairville: Highway near Finch Avenue W,https://on.windy.com/6d093
43.74,-79.628,West Humber-Clairville: Highway North of Finch Avenue W,https://on.windy.com/6d094
43.747,-79.63,West Deane Park: Highway South of Highway,https://on.windy.com/6d095
43.759,-79.632,Vaughan: Highway North of Highway,https://on.windy.com/6d098
43.758,-79.603,Toronto: Steeles Ave West At Martin Grove Rd,https://on.windy.com/6d099
43.713,-79.536,North York: Highway near Weston Road,https://on.windy.com/6d09b
43.658,-79.466,Old Toronto,https://on.windy.com/6d09e
43.656,-79.465,Toronto: High Park Village,https://on.windy.com/6d09f
43.655,-79.46,Toronto › North: Bloor Street West & Parkside Drive - Keele Station,https://on.windy.com/4pmr1
43.719,-79.522,North York: Highway north of Highway,https://on.windy.com/6d09g
43.714,-79.518,North York: Highway near Highway South,https://on.windy.com/6d09h
43.717,-79.508,North York: Highway near Jane Street,https://on.windy.com/6d09i
43.717,-79.502,North York: Highway at basket weave near Jane Street,https://on.windy.com/6d09j
43.72,-79.49,North York: Highway west of Keele Street,https://on.windy.com/6d09l
43.722,-79.481,North Park: Highway near Keele Street,https://on.windy.com/6d09m
43.729,-79.523,North York: Highway north of Wilson Avenue,https://on.windy.com/6d09o
43.737,-79.525,North York: Highway near Sheppard Avenue,https://on.windy.com/6d09q
43.747,-79.528,North York: Highway north of Sheppard Avenue,https://on.windy.com/6d09s
43.755,-79.53,North York: Highway near Finch Avenue,https://on.windy.com/6d09u
43.773,-79.533,Vaughan: Highway near Steeles Avenue,https://on.windy.com/6d09v
43.782,-79.542,Vaughan: Highway near Highway,https://on.windy.com/6d0a1
43.792,-79.538,Vaughan: Highway near Highway,https://on.windy.com/6d0a4
43.781,-79.494,Vaughan: Highway near Highway,https://on.windy.com/6d0a5
43.725,-79.47,North York: Highway east of Keele Street,https://on.windy.com/6d0a8
43.728,-79.458,North York: Highway near Dufferin Street,https://on.windy.com/6d0ab
43.727,-79.447,North York: Highway near Allen Road South,https://on.windy.com/6d0ac
43.782,-79.494,Toronto: Keele St / Steeles Av W,https://on.windy.com/6d0ae
43.736,-79.434,North York: Highway near Bathurst Street,https://on.windy.com/6d0af
43.742,-79.423,North York: Highway near Avenue Road,https://on.windy.com/6d0ag
43.747,-79.416,York Mills: Highway near Hoggs Hollow,https://on.windy.com/6d0ai
43.753,-79.408,North York: Highway near Yonge Street,https://on.windy.com/6d0am
43.758,-79.4,North York: Highway east of Yonge Street,https://on.windy.com/6d0an
43.762,-79.387,North York: Highway near Bayview Avenue,https://on.windy.com/6d0ap
43.765,-79.375,Concord Park Place: Highway east of Bayview Avenue,https://on.windy.com/6d0ar
43.766,-79.363,Toronto: Highway near Leslie Street,https://on.windy.com/6d0av
43.828,-79.363,Markham: Highway North of John Street,https://on.windy.com/6d0b4
43.836,-79.366,Markham: Highway Near Highway,https://on.windy.com/6d0b6
43.844,-79.37,Markham: Highway South of Highway,https://on.windy.com/6d0b7
43.853,-79.372,Buttonville: Highway North of Highway,https://on.windy.com/6d0b8
43.819,-79.36,Markham: Highway North of Steeles Avenue,https://on.windy.com/6d0bb
43.813,-79.351,North York: Highway Near Steeles Avenue,https://on.windy.com/6d2mg
43.808,-79.346,North York: Highway North of McNicoll Avenue,https://on.windy.com/6d2mi
43.795,-79.343,North York: Highway near Finch Avenue,https://on.windy.com/6d2ml
43.786,-79.341,Toronto: Highway near Van Horne Avenue,https://on.windy.com/6d2mp
43.776,-79.339,Toronto: Highway near Sheppard Avenue,https://on.windy.com/6d2mq
43.77,-79.339,Toronto: Highway near Highway,https://on.windy.com/6d2mr
43.77,-79.338,Toronto: Highway north of Highway,https://on.windy.com/6d2ms
43.767,-79.337,Toronto: Highway east of Don Valley Parkway,https://on.windy.com/6d2mt
43.766,-79.347,Toronto: Highway near Don Mills Road,https://on.windy.com/6d2mu
43.767,-79.32,Toronto: Highway near Victoria Park Avenue,https://on.windy.com/6d2n2
43.77,-79.304,Scarborough: Highway near Warden Avenue,https://on.windy.com/6d2n4
43.772,-79.294,Scarborough: Highway near Birchmount Road,https://on.windy.com/6d2n9
43.774,-79.284,Scarborough: Highway near Kennedy Road,https://on.windy.com/6d2nc
43.777,-79.275,Scarborough: Highway near Midland Ave,https://on.windy.com/6d2nd
43.779,-79.265,Scarborough: Highway near Brimley Road,https://on.windy.com/6d2ni
43.781,-79.255,Scarborough: Highway near McCowan Road,https://on.windy.com/6d2nj
43.79,-79.259,Toronto: Mccowan Rd At Sheppard Ave East,https://on.windy.com/6d2nl
43.782,-79.244,Scarborough: Highway near Bellamy Road,https://on.windy.com/6d2nn
43.785,-79.235,Scarborough: Highway near Markham Road,https://on.windy.com/6d2no
43.787,-79.228,Scarborough: Highway east of Markham Road,https://on.windy.com/6d2np
43.793,-79.215,Scarborough: Highway near Neilson Road,https://on.windy.com/6d2nr
43.795,-79.206,Scarborough: Highway east of Neilson Road,https://on.windy.com/6d2nv
43.796,-79.197,Scarborough: Highway near Morningside Avenue,https://on.windy.com/6d2o0
43.797,-79.187,Scarborough: Highway near Conlins Road,https://on.windy.com/6d2o3
43.799,-79.177,Scarborough: Highway east of Conlins Road,https://on.windy.com/6d2o4
43.799,-79.167,Scarborough: Highway near Meadowvale Road,https://on.windy.com/6d2o6
43.797,-79.144,Scarborough: Highway near Port Union Road,https://on.windy.com/6d2o8
43.8,-79.14,Scarborough: Highway near Rouge River,https://on.windy.com/6d2o9
43.807,-79.129,Pickering: Highway near Rougemont Drive,https://on.windy.com/6d2oa
43.758,-79.336,Toronto: York Mills Road - Don Valley Parkway,https://on.windy.com/6d2oc
43.749,-79.333,Toronto: Don Valley Parkway near Brookbanks Dr,https://on.windy.com/6d2oh
43.74,-79.332,Toronto: Don Valley Parkway near Lawrence Ave,https://on.windy.com/6d2oi
43.731,-79.331,Toronto: Don Valley Parkway near Concorde Gt,https://on.windy.com/6d2oj
43.727,-79.33,Toronto: Don Valley Parkway near Wynford Dr,https://on.windy.com/6d2ol
43.724,-79.33,Toronto: Don Valley Parkway near Eglinton Ave,https://on.windy.com/6d2om
43.718,-79.327,Toronto: Don Valley Parkway near St Dennis Dr,https://on.windy.com/6d2op
43.713,-79.325,Toronto: Don Valley Parkway near Spanbridge Rd,https://on.windy.com/6d2os
43.708,-79.332,East York: Don Valley Parkway south of Spanbridge Rd,https://on.windy.com/6d2ot
43.701,-79.338,East York: Don Valley Parkway near Don Mills Rd,https://on.windy.com/6d2ov
43.698,-79.35,Todmorden Village: Don Valley Parkway near Millwood Rd,https://on.windy.com/6d2p7
43.693,-79.358,East York: Don Valley Parkway near Beachwood Cres,https://on.windy.com/6d2pb
43.682,-79.363,Toronto › North: Don Valley Parkway,https://on.windy.com/6d2pd
43.672,-79.359,Playter Estates: Don Valley Parkway near Prince Edward Viaduct,https://on.windy.com/6d2pg
43.662,-79.355,East Chinatown: Don Valley Parkway near Dundas St,https://on.windy.com/6d2pk
43.645,-79.523,Toronto: Bloor St West At Islington Ave West Side,https://on.windy.com/6d2pm
43.66,-79.436,Toronto › East: Bloor Street West & Dufferin Street,https://on.windy.com/4pmr1
43.665,-79.411,Old Toronto › South-West: Bloor Street West & Bathurst Street,https://on.windy.com/6d2po
43.667,-79.404,Toronto: Spadina Road,https://on.windy.com/6d2pq
43.64236814,-79.38763867,CN Tower Cam - Tower View,https://www.earthcam.com/world/canada/toronto/cntower/?cam=towerview
43.64260968,-79.38624276,CN Tower Cam - East View,https://www.earthcam.com/world/canada/toronto/cntower/?cam=cntower1
43.64227481,-79.38775247,CN Tower Cam - West View,https://www.earthcam.com/world/canada/toronto/cntower/?cam=cntower2
